cyclone,district,lon,lat,source
Fani,Cuttack,85.8972218778581,20.403839290084548,Copernicus EMS EMSR357
Fani,Cuttack,85.89021501864197,20.390364560822757,Copernicus EMS EMSR357
Fani,Puri,85.87674028938017,19.850027917424864,Copernicus EMS EMSR357
Fani,Puri,85.53987205783535,19.725521419045897,Copernicus EMS EMSR357
Fani,Puri,85.9408800006663,19.909855715347224,Copernicus EMS EMSR357
Fani,Puri,85.7560067151945,19.928989830898967,Copernicus EMS EMSR357
Fani,Kendrapara,86.75448415349335,20.52322539134403,Copernicus EMS EMSR357
Fani,Puri,85.7597796393878,19.918749036660007,Copernicus EMS EMSR357
Fani,Cuttack,85.74711339388172,20.421625932710118,Copernicus EMS EMSR357
Fani,Cuttack,85.84224498246998,20.52969326138969,Copernicus EMS EMSR357
Fani,Puri,85.86757747348216,19.91389813412576,Copernicus EMS EMSR357
Fani,Puri,85.913122058387,20.03490120289666,Copernicus EMS EMSR357
Fani,Puri,85.35931068572732,19.631198314213343,Copernicus EMS EMSR357
Fani,Cuttack,85.74926935056361,20.422164921880587,Copernicus EMS EMSR357
Fani,Puri,85.49244101083384,19.720401021926417,Copernicus EMS EMSR357
Fani,Puri,85.57463685933078,19.94542900059836,Copernicus EMS EMSR357
Fani,Puri,85.58110472937643,19.948123946450718,Copernicus EMS EMSR357
Fani,Puri,85.9077321666823,19.948123946450718,Copernicus EMS EMSR357
Fani,Puri,85.52963126359639,19.94030860347888,Copernicus EMS EMSR357
Fani,Puri,85.87970472981776,19.84760246615774,Copernicus EMS EMSR357
Fani,Puri,85.5980828882463,19.86727557087996,Copernicus EMS EMSR357
Fani,Cuttack,85.77514083074625,20.45827719630219,Copernicus EMS EMSR357
Fani,Cuttack,85.89614389951716,20.405995246766437,Copernicus EMS EMSR357
Fani,Cuttack,85.88401664318154,20.41030716013021,Copernicus EMS EMSR357
Fani,Puri,85.87727927855065,19.845177014890616,Copernicus EMS EMSR357
Fani,Puri,85.29436249068549,19.637935678844244,Copernicus EMS EMSR357
Fani,Puri,85.70615021692588,19.989626112577035,Copernicus EMS EMSR357
Fani,Cuttack,85.91204408004607,20.3847051745328,Copernicus EMS EMSR357
Fani,Puri,85.90827115585276,19.90608279115392,Copernicus EMS EMSR357
Fani,Puri,85.89991682371046,19.985044704628027,Copernicus EMS EMSR357
Fani,Puri,85.62179841174705,19.76756257434269,Copernicus EMS EMSR357
Fani,Cuttack,85.96486501875229,20.283914199654596,Copernicus EMS EMSR357
Fani,Kendrapara,86.94043541730609,20.646384416796817,Copernicus EMS EMSR357
Fani,Puri,85.40620274355837,19.65437484854363,Copernicus EMS EMSR357
Fani,Puri,85.92632729306357,19.908238747835806,Copernicus EMS EMSR357
Fani,Puri,85.47384588445256,19.71770607607405,Copernicus EMS EMSR357
Fani,Cuttack,85.96432602958183,20.30412629354728,Copernicus EMS EMSR357
Fani,Puri,85.88213018108489,19.99582448803746,Copernicus EMS EMSR357
Fani,Cuttack,85.965673502508,20.291460048041195,Copernicus EMS EMSR357
Fani,Cuttack,85.95462422451334,20.33215373041181,Copernicus EMS EMSR357
Fani,Puri,85.8904845132272,19.857034776640997,Copernicus EMS EMSR357
Fani,Puri,85.70615021692588,19.9788463291676,Copernicus EMS EMSR357
Fani,Cuttack,85.9160864988246,20.356947232253507,Copernicus EMS EMSR357
Fani,Puri,85.28358270727605,19.629581346701933,Copernicus EMS EMSR357
Fani,Cuttack,85.75088631807502,20.423512394806764,Copernicus EMS EMSR357
Fani,Cuttack,85.94626989237102,20.41246311681209,Copernicus EMS EMSR357
Fani,Puri,85.86838595723786,19.845177014890616,Copernicus EMS EMSR357
Fani,Cuttack,85.9160864988246,20.374733874879077,Copernicus EMS EMSR357
Fani,Puri,85.30595075785062,19.58754019140514,Copernicus EMS EMSR357
Fani,Puri,85.67111592084521,19.955130805666847,Copernicus EMS EMSR357
Fani,Puri,85.94303595734819,19.91066419910293,Copernicus EMS EMSR357
Fani,Cuttack,85.903959242489,20.5162185321279,Copernicus EMS EMSR357
Fani,Puri,85.79858685966177,20.04783694298798,Copernicus EMS EMSR357
Fani,Cuttack,85.77190689572342,20.51406257544601,Copernicus EMS EMSR357
Fani,Cuttack,85.92147639052932,20.377698315316668,Copernicus EMS EMSR357
Fani,Puri,85.71019263570442,19.983966726287083,Copernicus EMS EMSR357
Fani,Puri,85.91069660711989,19.86970102214708,Copernicus EMS EMSR357
Fani,Cuttack,85.74360996427366,20.511367629593654,Copernicus EMS EMSR357
Fani,Puri,85.85464173339084,19.95351383815543,Copernicus EMS EMSR357
Fani,Puri,85.58918956693351,19.98477521004279,Copernicus EMS EMSR357
Fani,Puri,85.66195310494719,19.97237845912194,Copernicus EMS EMSR357
Fani,Puri,85.2636401079686,19.61987954163344,Copernicus EMS EMSR357
Fani,Puri,85.8791657406473,20.09499849540425,Copernicus EMS EMSR357
Fani,Puri,85.93387314145018,19.890182610625004,Copernicus EMS EMSR357
Fani,Cuttack,85.7627440798254,20.45773820713172,Copernicus EMS EMSR357
Fani,Puri,85.96971592128654,20.00902972271402,Copernicus EMS EMSR357
Fani,Puri,85.6808177259137,20.005256798520715,Copernicus EMS EMSR357
Fani,Puri,85.8619180871922,19.841943079867782,Copernicus EMS EMSR357
Fani,Puri,85.89587440493192,19.977229361656185,Copernicus EMS EMSR357
Fani,Puri,85.27253342928138,19.5729874838024,Copernicus EMS EMSR357
Fani,Cuttack,85.85491122797606,20.525650842611157,Copernicus EMS EMSR357
Fani,Puri,85.76786447694488,19.92333044460901,Copernicus EMS EMSR357
Fani,Cuttack,85.90368974790375,20.37877629365761,Copernicus EMS EMSR357
Fani,Puri,85.75654570436498,20.046219975476564,Copernicus EMS EMSR357
Fani,Cuttack,85.93683758188777,20.332423224997044,Copernicus EMS EMSR357
Fani,Puri,85.26606555923571,19.619610047048205,Copernicus EMS EMSR357
Fani,Cuttack,85.94788685988243,20.31625354988289,Copernicus EMS EMSR357
Fani,Cuttack,85.94141898983678,20.450192358745117,Copernicus EMS EMSR357
Fani,Cuttack,85.95704967578045,20.33404019250846,Copernicus EMS EMSR357
Fani,Puri,85.64740039734446,19.889374126869296,Copernicus EMS EMSR357
Amphan,Kendrapara,86.76876736651086,20.55664271991328,Sentinel-1 SAR change detection (Module 08)
Amphan,Jagatsinghpur,86.46235202309768,20.24753243064775,Sentinel-1 SAR change detection (Module 08)
Amphan,Bhadrak,86.89165689737841,20.871142900883523,Sentinel-1 SAR change detection (Module 08)
Amphan,Kendrapara,86.95013722237458,20.75849416425493,Sentinel-1 SAR change detection (Module 08)
Amphan,Jagatsinghpur,86.56368198714637,20.275829362097515,Sentinel-1 SAR change detection (Module 08)
Amphan,Kendrapara,86.82563072399562,20.580897232584505,Sentinel-1 SAR change detection (Module 08)
Amphan,Jagatsinghpur,86.5736532868001,20.243220517283977,Sentinel-1 SAR change detection (Module 08)
Amphan,Jagatsinghpur,86.41465148151094,20.172343441366948,Sentinel-1 SAR change detection (Module 08)
Amphan,Bhadrak,86.72753469496976,20.860632612059323,Sentinel-1 SAR change detection (Module 08)
Amphan,Jagatsinghpur,86.53188162608853,20.230823766363127,Sentinel-1 SAR change detection (Module 08)
Amphan,Bhadrak,86.79948974922775,20.78463513902281,Sentinel-1 SAR change detection (Module 08)
Amphan,Kendrapara,86.80002873839821,20.56230210620323,Sentinel-1 SAR change detection (Module 08)
Amphan,Kendrapara,86.6690543699736,20.555025752401864,Sentinel-1 SAR change detection (Module 08)
Amphan,Bhadrak,86.87413974933807,20.93905553636296,Sentinel-1 SAR change detection (Module 08)
Amphan,Kendrapara,86.9223792800953,20.71780048188432,Sentinel-1 SAR change detection (Module 08)
Amphan,Bhadrak,86.64345238437618,20.867100482104984,Sentinel-1 SAR change detection (Module 08)
Amphan,Bhadrak,86.91294696961204,20.843654453189465,Sentinel-1 SAR change detection (Module 08)
Amphan,Baleshwar,87.32742964170478,21.598239291849865,Sentinel-1 SAR change detection (Module 08)
Amphan,Baleshwar,87.01697187951308,21.464030988402406,Sentinel-1 SAR change detection (Module 08)
Amphan,Baleshwar,87.04095689759907,21.56401347952491,Sentinel-1 SAR change detection (Module 08)
Amphan,Jagatsinghpur,86.418154911119,20.1817757518502,Sentinel-1 SAR change detection (Module 08)
Amphan,Jagatsinghpur,86.50196772712735,20.20818622120332,Sentinel-1 SAR change detection (Module 08)
Amphan,Jagatsinghpur,86.42731772701703,20.107934235495577,Sentinel-1 SAR change detection (Module 08)
Amphan,Kendrapara,86.82886465901845,20.60380427232955,Sentinel-1 SAR change detection (Module 08)
Amphan,Kendrapara,86.98059011050624,20.745827918748848,Sentinel-1 SAR change detection (Module 08)
Amphan,Jagatsinghpur,86.51840689682675,20.221121961294635,Sentinel-1 SAR change detection (Module 08)
Amphan,Jagatsinghpur,86.50466267297972,20.201179361987183,Sentinel-1 SAR change detection (Module 08)
Amphan,Baleshwar,87.05685707812799,21.585303551758543,Sentinel-1 SAR change detection (Module 08)
Amphan,Kendrapara,86.94043541730609,20.646384416796817,Sentinel-1 SAR change detection (Module 08)
Amphan,Kendrapara,86.65072873817755,20.38955607706705,Sentinel-1 SAR change detection (Module 08)
Amphan,Bhadrak,86.70408866605425,20.81347105964305,Sentinel-1 SAR change detection (Module 08)
Amphan,Kendrapara,86.92561321511812,20.71806997646956,Sentinel-1 SAR change detection (Module 08)
Amphan,Bhadrak,86.95687458700549,20.800535319551727,Sentinel-1 SAR change detection (Module 08)
Amphan,Baleshwar,87.01912783619497,21.514965465011983,Sentinel-1 SAR change detection (Module 08)
Amphan,Jagatsinghpur,86.50142873795689,20.18959109482204,Sentinel-1 SAR change detection (Module 08)
Amphan,Jagatsinghpur,86.44240942379024,20.17396040887836,Sentinel-1 SAR change detection (Module 08)
Amphan,Jagatsinghpur,86.49361339498505,20.198484416134825,Sentinel-1 SAR change detection (Module 08)
Amphan,Baleshwar,87.10940852224898,21.526553732177124,Sentinel-1 SAR change detection (Module 08)
Amphan,Jagatsinghpur,86.39201393635113,20.08475770116529,Sentinel-1 SAR change detection (Module 08)
Amphan,Jagatsinghpur,86.45884859348962,20.24699344147728,Sentinel-1 SAR change detection (Module 08)
Amphan,Bhadrak,86.8630904713434,20.9506438035281,Sentinel-1 SAR change detection (Module 08)
Amphan,Bhadrak,86.9005502186912,20.85578170952508,Sentinel-1 SAR change detection (Module 08)
Amphan,Jagatsinghpur,86.29607386400716,20.164528098395103,Sentinel-1 SAR change detection (Module 08)
Amphan,Baleshwar,87.05281465934945,21.60147322687269,Sentinel-1 SAR change detection (Module 08)
Amphan,Jagatsinghpur,86.41599895443711,20.18393170853209,Sentinel-1 SAR change detection (Module 08)
Amphan,Kendrapara,86.79814227630156,20.556912214498517,Sentinel-1 SAR change detection (Module 08)
Amphan,Bhadrak,86.63348108472245,20.869795427957342,Sentinel-1 SAR change detection (Module 08)
Amphan,Kendrapara,86.79005743874448,20.573351384197903,Sentinel-1 SAR change detection (Module 08)
Amphan,Baleshwar,87.06359444275888,21.657797595186988,Sentinel-1 SAR change detection (Module 08)
Amphan,Bhadrak,86.90405364829925,20.885426113901023,Sentinel-1 SAR change detection (Module 08)
Amphan,Bhadrak,86.70732260107708,20.86332755791168,Sentinel-1 SAR change detection (Module 08)
Amphan,Bhadrak,86.83344606696745,20.853895247428422,Sentinel-1 SAR change detection (Module 08)
Amphan,Kendrapara,86.78601501996594,20.574159867953608,Sentinel-1 SAR change detection (Module 08)
Amphan,Baleshwar,87.36273343237069,21.61198351569689,Sentinel-1 SAR change detection (Module 08)
Amphan,Bhadrak,86.84988523666685,21.00562069891621,Sentinel-1 SAR change detection (Module 08)
Amphan,Baleshwar,87.00673108527411,21.51065355164821,Sentinel-1 SAR change detection (Module 08)
Amphan,Jagatsinghpur,86.59575184278944,20.29684993974591,Sentinel-1 SAR change detection (Module 08)
Amphan,Jagatsinghpur,86.4383670050117,20.08448820658006,Sentinel-1 SAR change detection (Module 08)
Amphan,Bhadrak,86.87872115728709,20.868986944201637,Sentinel-1 SAR change detection (Module 08)
Amphan,Kendrapara,86.97978162675054,20.746097413334084,Sentinel-1 SAR change detection (Module 08)
Amphan,Kendrapara,86.29930779902999,20.52780679929304,Sentinel-1 SAR change detection (Module 08)
Amphan,Kendrapara,86.82266628355802,20.69381546379833,Sentinel-1 SAR change detection (Module 08)
Amphan,Jagatsinghpur,86.37341880996985,20.11386311637077,Sentinel-1 SAR change detection (Module 08)
Amphan,Jagatsinghpur,86.41950238404519,20.099579903353263,Sentinel-1 SAR change detection (Module 08)
Amphan,Kendrapara,86.4782522036266,20.35586925391257,Sentinel-1 SAR change detection (Module 08)
Amphan,Baleshwar,87.03421953296818,21.493405898193117,Sentinel-1 SAR change detection (Module 08)
Amphan,Kendrapara,86.81323397307477,20.614045066568515,Sentinel-1 SAR change detection (Module 08)
Amphan,Jagatsinghpur,86.42300581365325,20.169917990099822,Sentinel-1 SAR change detection (Module 08)
Amphan,Bhadrak,86.69654281766765,20.83907304524045,Sentinel-1 SAR change detection (Module 08)
Amphan,Bhadrak,86.93154209599331,20.811315102961164,Sentinel-1 SAR change detection (Module 08)
Amphan,Jagatsinghpur,86.418154911119,20.18258423560591,Sentinel-1 SAR change detection (Module 08)
Amphan,Jagatsinghpur,86.35563216734428,20.082062755312936,Sentinel-1 SAR change detection (Module 08)
Amphan,Jagatsinghpur,86.39093595801019,20.08044578780152,Sentinel-1 SAR change detection (Module 08)
Amphan,Jagatsinghpur,86.43728902667075,20.155634777082323,Sentinel-1 SAR change detection (Module 08)
Amphan,Kendrapara,86.78978794415926,20.57469885712408,Sentinel-1 SAR change detection (Module 08)
Amphan,Kendrapara,86.65045924359231,20.399527376720773,Sentinel-1 SAR change detection (Module 08)
Amphan,Bhadrak,86.79113541708543,20.797301384528897,Sentinel-1 SAR change detection (Module 08)
Amphan,Jagatsinghpur,86.51382548887773,20.25939019239813,Sentinel-1 SAR change detection (Module 08)
Amphan,Bhadrak,86.91860635590199,20.827484778075316,Sentinel-1 SAR change detection (Module 08)
Amphan,Jagatsinghpur,86.40575816019816,20.07451690692633,Sentinel-1 SAR change detection (Module 08)
Yaas,Bhadrak,86.73831447837921,20.877071781758712,Sentinel-1 SAR change detection (Module 08)
Yaas,Bhadrak,86.72807368414024,21.163544525864427,Sentinel-1 SAR change detection (Module 08)
Yaas,Bhadrak,86.74774678886246,20.98055770248928,Sentinel-1 SAR change detection (Module 08)
Yaas,Bhadrak,86.91968433424293,20.833144164365265,Sentinel-1 SAR change detection (Module 08)
Yaas,Bhadrak,86.78089462284647,21.030414200757917,Sentinel-1 SAR change detection (Module 08)
Yaas,Kendrapara,86.81458144600094,20.57793279214691,Sentinel-1 SAR change detection (Module 08)
Yaas,Kendrapara,86.62458776340966,20.65258279225724,Sentinel-1 SAR change detection (Module 08)
Yaas,Kendrapara,86.76876736651086,20.55664271991328,Sentinel-1 SAR change detection (Module 08)
Yaas,Jagatsinghpur,86.46235202309768,20.24753243064775,Sentinel-1 SAR change detection (Module 08)
Yaas,Bhadrak,86.89165689737841,20.871142900883523,Sentinel-1 SAR change detection (Module 08)
Yaas,Bhadrak,86.66177801617222,21.02340734154178,Sentinel-1 SAR change detection (Module 08)
Yaas,Kendrapara,86.78278108494312,20.56876997624889,Sentinel-1 SAR change detection (Module 08)
Yaas,Bhadrak,86.60033325073844,20.8897380272648,Sentinel-1 SAR change detection (Module 08)
Yaas,Baleshwar,87.09620328757242,21.541106439779863,Sentinel-1 SAR change detection (Module 08)
Yaas,Kendrapara,86.95013722237458,20.75849416425493,Sentinel-1 SAR change detection (Module 08)
Yaas,Jagatsinghpur,86.56368198714637,20.275829362097515,Sentinel-1 SAR change detection (Module 08)
Yaas,Kendrapara,86.82563072399562,20.580897232584505,Sentinel-1 SAR change detection (Module 08)
Yaas,Baleshwar,87.30991249366446,21.619529364083498,Sentinel-1 SAR change detection (Module 08)
Yaas,Puri,86.31413000121796,19.966988567417225,Sentinel-1 SAR change detection (Module 08)
Yaas,Jagatsinghpur,86.5736532868001,20.243220517283977,Sentinel-1 SAR change detection (Module 08)
Yaas,Jagatsinghpur,86.41465148151094,20.172343441366948,Sentinel-1 SAR change detection (Module 08)
Yaas,Bhadrak,86.72753469496976,20.860632612059323,Sentinel-1 SAR change detection (Module 08)
Yaas,Bhadrak,86.66932386455882,21.04038550041164,Sentinel-1 SAR change detection (Module 08)
Yaas,Jagatsinghpur,86.53188162608853,20.230823766363127,Sentinel-1 SAR change detection (Module 08)
Yaas,Kendrapara,86.49954227586024,20.36206762937299,Sentinel-1 SAR change detection (Module 08)
Yaas,Bhadrak,86.79948974922775,20.78463513902281,Sentinel-1 SAR change detection (Module 08)
Yaas,Kendrapara,86.65827458656415,20.543167990651487,Sentinel-1 SAR change detection (Module 08)
Yaas,Bhadrak,86.73750599462349,20.86359705249692,Sentinel-1 SAR change detection (Module 08)
Yaas,Bhadrak,86.62620473092109,20.84338495860423,Sentinel-1 SAR change detection (Module 08)
Yaas,Kendrapara,86.80002873839821,20.56230210620323,Sentinel-1 SAR change detection (Module 08)
Yaas,Baleshwar,87.1034796413738,21.56805589830345,Sentinel-1 SAR change detection (Module 08)
Yaas,Cuttack,85.85167729295324,20.54774939860049,Sentinel-1 SAR change detection (Module 08)
Yaas,Kendrapara,86.6690543699736,20.555025752401864,Sentinel-1 SAR change detection (Module 08)
Yaas,Bhadrak,86.62350978506873,20.84796636655324,Sentinel-1 SAR change detection (Module 08)
Yaas,Bhadrak,86.87413974933807,20.93905553636296,Sentinel-1 SAR change detection (Module 08)
Yaas,Baleshwar,86.67660021836019,21.20504669199075,Sentinel-1 SAR change detection (Module 08)
Yaas,Kendrapara,86.69438686098576,20.562571600788463,Sentinel-1 SAR change detection (Module 08)
Yaas,Bhadrak,86.95121520071552,20.82263387554107,Sentinel-1 SAR change detection (Module 08)
Yaas,Bhadrak,86.73588902711208,21.10829813589108,Sentinel-1 SAR change detection (Module 08)
Yaas,Bhadrak,86.59871628322703,20.897822864821872,Sentinel-1 SAR change detection (Module 08)
Yaas,Jagatsinghpur,86.41680743819282,20.16318062546893,Sentinel-1 SAR change detection (Module 08)
Yaas,Bhadrak,86.83102061570034,21.067604453520463,Sentinel-1 SAR change detection (Module 08)
Yaas,Kendrapara,86.63375057930769,20.761997593863,Sentinel-1 SAR change detection (Module 08)
Yaas,Bhadrak,86.57338379221486,20.916687485788383,Sentinel-1 SAR change detection (Module 08)
Yaas,Kendrapara,86.9223792800953,20.71780048188432,Sentinel-1 SAR change detection (Module 08)
Yaas,Bhadrak,86.80703559761434,20.83098820768338,Sentinel-1 SAR change detection (Module 08)
Yaas,Bhadrak,86.69384787181528,20.846079904456587,Sentinel-1 SAR change detection (Module 08)
Yaas,Bhadrak,86.5984467886418,20.92342485041928,Sentinel-1 SAR change detection (Module 08)
Yaas,Bhadrak,86.64345238437618,20.867100482104984,Sentinel-1 SAR change detection (Module 08)
Yaas,Kendrapara,86.59575184278944,20.76846546390866,Sentinel-1 SAR change detection (Module 08)
Yaas,Bhadrak,86.91294696961204,20.843654453189465,Sentinel-1 SAR change detection (Module 08)
Yaas,Baleshwar,87.32742964170478,21.598239291849865,Sentinel-1 SAR change detection (Module 08)
Yaas,Cuttack,85.86407404387408,20.55125282820856,Sentinel-1 SAR change detection (Module 08)
Yaas,Puri,86.31925039833745,19.95674777317826,Sentinel-1 SAR change detection (Module 08)
Yaas,Baleshwar,87.01697187951308,21.464030988402406,Sentinel-1 SAR change detection (Module 08)
Yaas,Bhadrak,86.69627332308241,20.83233568060956,Sentinel-1 SAR change detection (Module 08)
Yaas,Bhadrak,86.75125021847052,21.081618171952726,Sentinel-1 SAR change detection (Module 08)
Yaas,Bhadrak,86.71163451444086,20.8792277384406,Sentinel-1 SAR change detection (Module 08)
Yaas,Bhadrak,86.70705310649184,20.81023712462022,Sentinel-1 SAR change detection (Module 08)
Yaas,Jagatsinghpur,86.418154911119,20.1817757518502,Sentinel-1 SAR change detection (Module 08)
Yaas,Kendrapara,86.50223722171259,20.67737629409894,Sentinel-1 SAR change detection (Module 08)
Yaas,Bhadrak,86.6563881244675,20.92719777461258,Sentinel-1 SAR change detection (Module 08)
Yaas,Bhadrak,86.72834317872548,21.03391763036598,Sentinel-1 SAR change detection (Module 08)
Yaas,Bhadrak,86.64749480315471,20.91992142081121,Sentinel-1 SAR change detection (Module 08)
Yaas,Jagatsinghpur,86.50196772712735,20.20818622120332,Sentinel-1 SAR change detection (Module 08)
Yaas,Bhadrak,86.59332639152231,20.87895824385536,Sentinel-1 SAR change detection (Module 08)
Yaas,Bhadrak,86.73993144589062,20.78086221482951,Sentinel-1 SAR change detection (Module 08)
Yaas,Puri,85.49244101083384,19.720401021926417,Sentinel-1 SAR change detection (Module 08)
Yaas,Kendrapara,86.74586032676581,20.55933766576564,Sentinel-1 SAR change detection (Module 08)
Yaas,Bhadrak,86.71136501985562,20.8792277384406,Sentinel-1 SAR change detection (Module 08)
Yaas,Bhadrak,86.74666881052151,20.843115464018997,Sentinel-1 SAR change detection (Module 08)
Yaas,Bhadrak,86.5887449835733,20.89997882150376,Sentinel-1 SAR change detection (Module 08)
Yaas,Jagatsinghpur,86.42731772701703,20.107934235495577,Sentinel-1 SAR change detection (Module 08)
Yaas,Bhadrak,86.68630202342868,21.02664127656461,Sentinel-1 SAR change detection (Module 08)
Yaas,Bhadrak,86.78709299830689,20.83772557231428,Sentinel-1 SAR change detection (Module 08)
Yaas,Bhadrak,86.71459895487845,21.03391763036598,Sentinel-1 SAR change detection (Module 08)
Yaas,Kendrapara,86.82886465901845,20.60380427232955,Sentinel-1 SAR change detection (Module 08)
Yaas,Kendrapara,86.6458778356433,20.565805535811297,Sentinel-1 SAR change detection (Module 08)
Yaas,Kendrapara,86.98059011050624,20.745827918748848,Sentinel-1 SAR change detection (Module 08)
Yaas,Jagatsinghpur,86.41545996526665,20.165875571321287,Sentinel-1 SAR change detection (Module 08)
