district_id,district_name,year,treatment,event,metric,value_days,n_pixels,qa_flag,sensor
ANG,Anugul,2014,0,pre,SOS,166.0,1496955,OK,Landsat_harmonised
ANG,Anugul,2014,0,pre,POS,258.0,1496955,OK,Landsat_harmonised
ANG,Anugul,2014,0,pre,EOS,,1496955,OK,Landsat_harmonised
ANG,Anugul,2015,0,pre,SOS,196.0,1489249,OK,Landsat_harmonised
ANG,Anugul,2015,0,pre,POS,258.0,1489249,OK,Landsat_harmonised
ANG,Anugul,2015,0,pre,EOS,,1489249,OK,Landsat_harmonised
ANG,Anugul,2016,0,pre,SOS,197.0,918695,OK,Landsat_harmonised
ANG,Anugul,2016,0,pre,POS,259.0,918695,OK,Landsat_harmonised
ANG,Anugul,2016,0,pre,EOS,,918695,OK,Landsat_harmonised
ANG,Anugul,2017,0,pre,SOS,196.0,1383160,OK,Landsat_harmonised
ANG,Anugul,2017,0,pre,POS,258.0,1383160,OK,Landsat_harmonised
ANG,Anugul,2017,0,pre,EOS,,1383160,OK,Landsat_harmonised
ANG,Anugul,2018,0,pre,SOS,135.0,1502834,OK,Landsat_harmonised
ANG,Anugul,2018,0,pre,POS,288.0,1502834,OK,Landsat_harmonised
ANG,Anugul,2018,0,pre,EOS,,1502834,OK,Landsat_harmonised
BLS,Baleshwar,2014,1,pre,SOS,166.0,2669450,OK,Landsat_harmonised
BLS,Baleshwar,2014,1,pre,POS,288.0,2669450,OK,Landsat_harmonised
BLS,Baleshwar,2014,1,pre,EOS,349.0,2669450,OK,Landsat_harmonised
BLS,Baleshwar,2015,1,pre,SOS,258.0,2668880,OK,Landsat_harmonised
BLS,Baleshwar,2015,1,pre,POS,288.0,2668880,OK,Landsat_harmonised
BLS,Baleshwar,2015,1,pre,EOS,349.0,2668880,OK,Landsat_harmonised
BLS,Baleshwar,2016,1,pre,SOS,167.0,2589602,OK,Landsat_harmonised
BLS,Baleshwar,2016,1,pre,POS,289.0,2589602,OK,Landsat_harmonised
BLS,Baleshwar,2016,1,pre,EOS,350.0,2589602,OK,Landsat_harmonised
BLS,Baleshwar,2017,1,pre,SOS,166.0,2570319,OK,Landsat_harmonised
BLS,Baleshwar,2017,1,pre,POS,288.0,2570319,OK,Landsat_harmonised
BLS,Baleshwar,2017,1,pre,EOS,349.0,2570319,OK,Landsat_harmonised
BLS,Baleshwar,2018,1,pre,SOS,135.0,2669477,OK,Landsat_harmonised
BLS,Baleshwar,2018,1,pre,POS,288.0,2669477,OK,Landsat_harmonised
BLS,Baleshwar,2018,1,pre,EOS,349.0,2669477,OK,Landsat_harmonised
BHA,Bhadrak,2014,1,pre,SOS,166.0,2176125,OK,Landsat_harmonised
BHA,Bhadrak,2014,1,pre,POS,288.0,2176125,OK,Landsat_harmonised
BHA,Bhadrak,2014,1,pre,EOS,349.0,2176125,OK,Landsat_harmonised
BHA,Bhadrak,2015,1,pre,SOS,258.0,2095747,OK,Landsat_harmonised
BHA,Bhadrak,2015,1,pre,POS,288.0,2095747,OK,Landsat_harmonised
BHA,Bhadrak,2015,1,pre,EOS,349.0,2095747,OK,Landsat_harmonised
BHA,Bhadrak,2016,1,pre,SOS,167.0,2146170,OK,Landsat_harmonised
BHA,Bhadrak,2016,1,pre,POS,289.0,2146170,OK,Landsat_harmonised
BHA,Bhadrak,2016,1,pre,EOS,350.0,2146170,OK,Landsat_harmonised
BHA,Bhadrak,2017,1,pre,SOS,258.0,2175012,OK,Landsat_harmonised
BHA,Bhadrak,2017,1,pre,POS,288.0,2175012,OK,Landsat_harmonised
BHA,Bhadrak,2017,1,pre,EOS,,2175012,OK,Landsat_harmonised
BHA,Bhadrak,2018,1,pre,SOS,196.0,2176125,OK,Landsat_harmonised
BHA,Bhadrak,2018,1,pre,POS,288.0,2176125,OK,Landsat_harmonised
BHA,Bhadrak,2018,1,pre,EOS,349.0,2176125,OK,Landsat_harmonised
CTK,Cuttack,2014,0,pre,SOS,166.0,2021854,OK,Landsat_harmonised
CTK,Cuttack,2014,0,pre,POS,288.0,2021854,OK,Landsat_harmonised
CTK,Cuttack,2014,0,pre,EOS,349.0,2021854,OK,Landsat_harmonised
CTK,Cuttack,2015,0,pre,SOS,196.0,1795711,OK,Landsat_harmonised
CTK,Cuttack,2015,0,pre,POS,288.0,1795711,OK,Landsat_harmonised
CTK,Cuttack,2015,0,pre,EOS,,1795711,OK,Landsat_harmonised
CTK,Cuttack,2016,0,pre,SOS,167.0,615362,OK,Landsat_harmonised
CTK,Cuttack,2016,0,pre,POS,259.0,615362,OK,Landsat_harmonised
CTK,Cuttack,2016,0,pre,EOS,,615362,OK,Landsat_harmonised
CTK,Cuttack,2017,0,pre,SOS,196.0,1981968,OK,Landsat_harmonised
CTK,Cuttack,2017,0,pre,POS,288.0,1981968,OK,Landsat_harmonised
CTK,Cuttack,2017,0,pre,EOS,,1981968,OK,Landsat_harmonised
CTK,Cuttack,2018,0,pre,SOS,196.0,2022330,OK,Landsat_harmonised
CTK,Cuttack,2018,0,pre,POS,288.0,2022330,OK,Landsat_harmonised
CTK,Cuttack,2018,0,pre,EOS,349.0,2022330,OK,Landsat_harmonised
DHK,Dhenkanal,2014,0,pre,SOS,166.0,1603861,OK,Landsat_harmonised
DHK,Dhenkanal,2014,0,pre,POS,258.0,1603861,OK,Landsat_harmonised
DHK,Dhenkanal,2014,0,pre,EOS,349.0,1603861,OK,Landsat_harmonised
DHK,Dhenkanal,2015,0,pre,SOS,196.0,1601834,OK,Landsat_harmonised
DHK,Dhenkanal,2015,0,pre,POS,258.0,1601834,OK,Landsat_harmonised
DHK,Dhenkanal,2015,0,pre,EOS,,1601834,OK,Landsat_harmonised
DHK,Dhenkanal,2016,0,pre,SOS,167.0,781222,OK,Landsat_harmonised
DHK,Dhenkanal,2016,0,pre,POS,259.0,781222,OK,Landsat_harmonised
DHK,Dhenkanal,2016,0,pre,EOS,,781222,OK,Landsat_harmonised
DHK,Dhenkanal,2017,0,pre,SOS,166.0,1566415,OK,Landsat_harmonised
DHK,Dhenkanal,2017,0,pre,POS,288.0,1566415,OK,Landsat_harmonised
DHK,Dhenkanal,2017,0,pre,EOS,,1566415,OK,Landsat_harmonised
DHK,Dhenkanal,2018,0,pre,SOS,135.0,1603861,OK,Landsat_harmonised
DHK,Dhenkanal,2018,0,pre,POS,288.0,1603861,OK,Landsat_harmonised
DHK,Dhenkanal,2018,0,pre,EOS,349.0,1603861,OK,Landsat_harmonised
JGS,Jagatsinghpur,2014,1,pre,SOS,196.0,1282519,OK,Landsat_harmonised
JGS,Jagatsinghpur,2014,1,pre,POS,288.0,1282519,OK,Landsat_harmonised
JGS,Jagatsinghpur,2014,1,pre,EOS,,1282519,OK,Landsat_harmonised
JGS,Jagatsinghpur,2015,1,pre,SOS,196.0,1087697,OK,Landsat_harmonised
JGS,Jagatsinghpur,2015,1,pre,POS,288.0,1087697,OK,Landsat_harmonised
JGS,Jagatsinghpur,2015,1,pre,EOS,,1087697,OK,Landsat_harmonised
JGS,Jagatsinghpur,2016,1,pre,SOS,167.0,379317,OK,Landsat_harmonised
JGS,Jagatsinghpur,2016,1,pre,POS,259.0,379317,OK,Landsat_harmonised
JGS,Jagatsinghpur,2016,1,pre,EOS,,379317,OK,Landsat_harmonised
JGS,Jagatsinghpur,2017,1,pre,SOS,196.0,1276166,OK,Landsat_harmonised
JGS,Jagatsinghpur,2017,1,pre,POS,288.0,1276166,OK,Landsat_harmonised
JGS,Jagatsinghpur,2017,1,pre,EOS,,1276166,OK,Landsat_harmonised
JGS,Jagatsinghpur,2018,1,pre,SOS,196.0,1282518,OK,Landsat_harmonised
JGS,Jagatsinghpur,2018,1,pre,POS,288.0,1282518,OK,Landsat_harmonised
JGS,Jagatsinghpur,2018,1,pre,EOS,349.0,1282518,OK,Landsat_harmonised
KDP,Kendrapara,2014,1,pre,SOS,166.0,1939608,OK,Landsat_harmonised
KDP,Kendrapara,2014,1,pre,POS,288.0,1939608,OK,Landsat_harmonised
KDP,Kendrapara,2014,1,pre,EOS,349.0,1939608,OK,Landsat_harmonised
KDP,Kendrapara,2015,1,pre,SOS,196.0,1605412,OK,Landsat_harmonised
KDP,Kendrapara,2015,1,pre,POS,288.0,1605412,OK,Landsat_harmonised
KDP,Kendrapara,2015,1,pre,EOS,,1605412,OK,Landsat_harmonised
KDP,Kendrapara,2016,1,pre,SOS,167.0,1930129,OK,Landsat_harmonised
KDP,Kendrapara,2016,1,pre,POS,289.0,1930129,OK,Landsat_harmonised
KDP,Kendrapara,2016,1,pre,EOS,350.0,1930129,OK,Landsat_harmonised
KDP,Kendrapara,2017,1,pre,SOS,196.0,1931277,OK,Landsat_harmonised
KDP,Kendrapara,2017,1,pre,POS,288.0,1931277,OK,Landsat_harmonised
KDP,Kendrapara,2017,1,pre,EOS,,1931277,OK,Landsat_harmonised
KDP,Kendrapara,2018,1,pre,SOS,166.0,1939984,OK,Landsat_harmonised
KDP,Kendrapara,2018,1,pre,POS,288.0,1939984,OK,Landsat_harmonised
KDP,Kendrapara,2018,1,pre,EOS,349.0,1939984,OK,Landsat_harmonised
PUR,Puri,2014,1,pre,SOS,196.0,1708977,OK,Landsat_harmonised
PUR,Puri,2014,1,pre,POS,288.0,1708977,OK,Landsat_harmonised
PUR,Puri,2014,1,pre,EOS,349.0,1708977,OK,Landsat_harmonised
PUR,Puri,2015,1,pre,SOS,196.0,1553947,OK,Landsat_harmonised
PUR,Puri,2015,1,pre,POS,288.0,1553947,OK,Landsat_harmonised
PUR,Puri,2015,1,pre,EOS,,1553947,OK,Landsat_harmonised
PUR,Puri,2016,1,pre,SOS,167.0,1707613,OK,Landsat_harmonised
PUR,Puri,2016,1,pre,POS,289.0,1707613,OK,Landsat_harmonised
PUR,Puri,2016,1,pre,EOS,350.0,1707613,OK,Landsat_harmonised
PUR,Puri,2017,1,pre,SOS,258.0,1674521,OK,Landsat_harmonised
PUR,Puri,2017,1,pre,POS,288.0,1674521,OK,Landsat_harmonised
PUR,Puri,2017,1,pre,EOS,,1674521,OK,Landsat_harmonised
PUR,Puri,2018,1,pre,SOS,135.0,1709017,OK,Landsat_harmonised
PUR,Puri,2018,1,pre,POS,288.0,1709017,OK,Landsat_harmonised
PUR,Puri,2018,1,pre,EOS,349.0,1709017,OK,Landsat_harmonised
