district,n_years,raw_sos_median_d,v21_sos_median_d,mean_abs_delta_d,max_abs_delta_d,ratio_to_quantum,below_nyquist
Angul,8,196.0,196.0,0.0,0.0,0.0,Yes
Baleshwar,8,181.5,181.5,0.015000000000000568,0.06999999999999318,0.008749999999999147,Yes
Bhadrak,8,258.0,258.0,0.14000000000000057,1.009999999999991,0.12624999999999886,Yes
Cuttack,8,196.0,196.0,0.022500000000000853,0.18000000000000682,0.022500000000000853,Yes
Dhenkanal,8,196.0,196.0,0.0,0.0,0.0,Yes
Jagatsinghpur,8,211.5,211.48000000000002,0.09625000000000128,0.46000000000000796,0.057500000000000995,Yes
Kendrapara,8,196.0,195.965,0.07375000000000043,0.4099999999999966,0.051249999999999574,Yes
Puri,8,227.5,227.5,0.051249999999999574,0.3499999999999943,0.04374999999999929,Yes
ALL (pooled),64,196.0,196.0,0.04984375000000041,1.009999999999991,0.12624999999999886,Yes
